{
  "name": "auto-experience",
  "title": "Auto Experience",
  "description": "Adds total experience value of deceased enemy NPCs and divides it between any living PCs in the combat tracker. Triggers on combat end.",
  "version": "0.2",
  "author": "Reaver#4634",
  "scripts": ["auto-experience.js"],
  "styles": [],
  "packs": [],
  "systems": ["dnd5e"],
  "url": "https://github.com/Reaver01/auto-experience-fvtt/tree/master/auto-experience",
  "manifest": "https://raw.githubusercontent.com/Reaver01/auto-experience-fvtt/master/auto-experience/module.json",
  "download": "https://raw.githubusercontent.com/Reaver01/auto-experience-fvtt/tree/master/auto-experience.zip"
}